qs1,qs2,qs3,qs4,qs5,merge1,partition_sort
0.4418632984161377,1.0344233512878418,0.9963901042938232,1.0165953636169434,0.9146575927734375,1.159980058670044,0.45729947090148926
0.5003626346588135,1.1940901279449463,1.0657837390899658,0.9863321781158447,1.2301197052001953,1.316770076751709,0.4835538864135742
0.45174741744995117,1.0105032920837402,1.0213947296142578,1.0157158374786377,0.9420063495635986,1.1802070140838623,0.5057888031005859
0.4685933589935303,1.1046860218048096,1.010828971862793,1.0923733711242676,0.9001688957214355,1.1503663063049316,0.46657824516296387
0.4427609443664551,0.9957489967346191,1.0607218742370605,0.9372189044952393,0.9414441585540771,1.1565606594085693,0.4697537422180176
0.5016336441040039,1.0092062950134277,1.0830967426300049,0.9497361183166504,1.063856601715088,1.1665089130401611,0.46506190299987793
0.45774388313293457,0.9876244068145752,1.0775501728057861,0.9987986087799072,1.0303573608398438,1.147684097290039,0.48969268798828125
0.46971988677978516,1.3580405712127686,1.5871515274047852,1.57374906539917,1.2711644172668457,1.3416261672973633,0.4689176082611084
0.4523766040802002,1.0300812721252441,1.210306167602539,1.0161187648773193,1.001392126083374,1.1882288455963135,0.47761106491088867
